OBJECTID,pkey,name,station,type,entity,functional,physical_s,geometry_s,location,lane_numbe,lane_type,opperation,comm_link,project_sp,lat,lon,published_
1,4525,4171,S1001,Loop Detector,MnDOT,RTMC,Inplace,Hand Drawn,T.H.610 WB/Coon Rapids Blvd,1,Mainline, , ,0217-16,45.14221007,-93.28214299,4/29/25
2,2158,4172,S1001,Loop Detector,MnDOT,RTMC,Inplace,Hand Drawn,T.H.610 WB/Coon Rapids Blvd,2,Mainline, , ,0217-16,45.14218181,-93.2821081,4/29/25
3,6038,4173,S1001,Loop Detector,MnDOT,RTMC,Inplace,Hand Drawn,T.H.610 WB/Coon Rapids Blvd,3,Mainline, , ,0217-16,45.1421614,-93.28207039,4/29/25
4,18630,4189,S1002,Virtual Detector,MnDOT,RTMC,Inplace,CADD Imported,T.H.610 WB/East River Rd,1,Mainline,Active,L3130,2771-117,45.13852007,-93.29089489,4/29/25
5,18629,4190,S1002,Virtual Detector,MnDOT,RTMC,Inplace,CADD Imported,T.H.610 WB/East River Rd,2,Mainline,Active,L3130,2771-117,45.13849464,-93.29087142,4/29/25
6,18628,4191,S1002,Virtual Detector,MnDOT,RTMC,Inplace,CADD Imported,T.H.610 WB/East River Rd,3,Mainline,Active,L3130,2771-117,45.13846838,-93.29084689,4/29/25
7,18627,4055,S1005,Virtual Detector,MnDOT,RTMC,Inplace,CADD Imported,T.H.610 EB/East River Rd,1,Mainline,Active,L3131,2771-117,45.13815414,-93.29095524,4/29/25
8,18626,4056,S1005,Virtual Detector,MnDOT,RTMC,Inplace,CADD Imported,T.H.610 EB/East River Rd,2,Mainline,Active,L3131,2771-117,45.13817717,-93.29098114,4/29/25
9,18625,4057,S1005,Virtual Detector,MnDOT,RTMC,Inplace,CADD Imported,T.H.610 EB/East River Rd,3,Mainline,Active,L3131,2771-117,45.13820419,-93.29101177,4/29/25
10,8105,4065,S1006,Loop Detector,MnDOT,RTMC,Inplace,Hand Drawn,T.H.610 EB/Coon Rapids Blvd,1,Mainline, , ,0217-16,45.14197997,-93.28197849,4/29/25
11,5385,4066,S1006,Loop Detector,MnDOT,RTMC,Inplace,Hand Drawn,T.H.610 EB/Coon Rapids Blvd,2,Mainline, , ,0217-16,45.14201277,-93.28197765,4/29/25
12,7513,4067,S1006,Loop Detector,MnDOT,RTMC,Inplace,Hand Drawn,T.H.610 EB/Coon Rapids Blvd,3,Mainline, , ,0217-16,45.14204491,-93.28199166,4/29/25
13,17768,8363,S1108,Virtual Detector,MnDOT,RTMC,Inplace,CADD Imported,I-94 WB/T.H.610,1,Mainline,Active,L2556,2780-97,45.14907739,-93.50078053,4/29/25
14,17769,5346,S1108,Virtual Detector,MnDOT,RTMC,Inplace,CADD Imported,I-94 WB/T.H.610,2,Mainline,Active,L2556,2780-97,45.14906269,-93.50082181,4/29/25
15,17770,5347,S1108,Virtual Detector,MnDOT,RTMC,Inplace,CADD Imported,I-94 WB/T.H.610,3,Mainline,Active,L2556,2780-97,45.14904754,-93.50086598,4/29/25
16,17771,5348,S1108,Virtual Detector,MnDOT,RTMC,Inplace,CADD Imported,I-94 WB/T.H.610,4,Mainline,Active,L2556,2780-97,45.14903264,-93.50090752,4/29/25
17,12555,5385,S1120,Virtual Detector,MnDOT,RTMC,Inplace, ,I-94 EB/T.H.610,1,Mainline,Active,L2559,2771-37,45.1375719,-93.49426828,4/29/25
18,12148,5386,S1120,Virtual Detector,MnDOT,RTMC,Inplace, ,I-94 EB/T.H.610,2,Mainline,Active,L2559,2771-37,45.13759005,-93.49422196,4/29/25
19,3940,5387,S1120,Virtual Detector,MnDOT,RTMC,Inplace, ,I-94 EB/T.H.610,3,Mainline,Active,L2559,2771-37,45.13760878,-93.49417413,4/29/25
20,2051,6991,S1775,Loop Detector,MnDOT,RTMC,Inplace,GPS Sub Meter,T.H.610 EB/Hemlock Ln,1,Mainline,Active,L731,2771-38,45.13010966,-93.43437039,4/29/25
21,3877,6992,S1775,Loop Detector,MnDOT,RTMC,Inplace,GPS Sub Meter,T.H.610 EB/Hemlock Ln,2,Mainline,Active,L731,2771-38,45.1301421,-93.43437182,4/29/25
22,8809,6993,S1776,Loop Detector,MnDOT,RTMC,Inplace,GPS Sub Meter,T.H.610 EB/Zachary Ln,1,Mainline,Active,L730,2771-38,45.13029716,-93.42500789,4/29/25
23,4977,6994,S1776,Loop Detector,MnDOT,RTMC,Inplace,GPS Sub Meter,T.H.610 EB/Zachary Ln,2,Mainline,Active,L730,2771-38,45.13033115,-93.42500865,4/29/25
24,7501,6999,S1777,Loop Detector,MnDOT,RTMC,Inplace,GPS Sub Meter,T.H.610 EB/Revere Ln,1,Mainline,Active,L729,2771-38,45.13030174,-93.4115296,4/29/25
25,5474,7000,S1777,Loop Detector,MnDOT,RTMC,Inplace,GPS Sub Meter,T.H.610 EB/Revere Ln,2,Mainline,Active,L729,2771-38,45.13033308,-93.4115321,4/29/25
26,3830,7001,S1778,Loop Detector,MnDOT,RTMC,Inplace,GPS Sub Meter,T.H.610 EB/Jefferson Hwy,1,Mainline,Active,L728,2771-38,45.13018506,-93.40241318,4/29/25
27,7821,7002,S1778,Loop Detector,MnDOT,RTMC,Inplace,GPS Sub Meter,T.H.610 EB/Jefferson Hwy,2,Mainline,Active,L728,2771-38,45.13021644,-93.40241308,4/29/25
28,3646,7003,S1779,Loop Detector,MnDOT,RTMC,Inplace,GPS Sub Meter,T.H.610 EB/U.S.169,1,Mainline,Active,L727,2771-38,45.13001911,-93.39460528,4/29/25
29,1560,7004,S1779,Loop Detector,MnDOT,RTMC,Inplace,GPS Sub Meter,T.H.610 EB/U.S.169,2,Mainline,Active,L727,2771-38,45.13005203,-93.39461894,4/29/25
30,4006,7017,S1780,Loop Detector,MnDOT,RTMC,Inplace,GPS Sub Meter,T.H.610 WB/U.S.169,1,Auxiliary,Active,L727,2771-38,45.13033217,-93.39466491,4/29/25
31,10604,7018,S1780,Loop Detector,MnDOT,RTMC,Inplace,GPS Sub Meter,T.H.610 WB/U.S.169,2,Mainline,Active,L727,2771-38,45.13029857,-93.39467102,4/29/25
32,6822,7019,S1780,Loop Detector,MnDOT,RTMC,Inplace,GPS Sub Meter,T.H.610 WB/U.S.169,3,Mainline,Active,L727,2771-38,45.13026642,-93.39467673,4/29/25
33,5643,7021,S1781,Loop Detector,MnDOT,RTMC,Inplace,GPS Sub Meter,T.H.610 WB/Jefferson Hwy,1,Mainline,Active,L728,2771-38,45.13042623,-93.40244083,4/29/25
34,8401,7022,S1781,Loop Detector,MnDOT,RTMC,Inplace,GPS Sub Meter,T.H.610 WB/Jefferson Hwy,2,Mainline,Active,L728,2771-38,45.13039182,-93.4024421,4/29/25
35,6660,7023,S1782,Loop Detector,MnDOT,RTMC,Inplace,GPS Sub Meter,T.H.610 WB/Revere Ln,1,Mainline,Active,L729,2771-38,45.13054005,-93.41149773,4/29/25
36,5715,7024,S1782,Loop Detector,MnDOT,RTMC,Inplace,GPS Sub Meter,T.H.610 WB/Revere Ln,2,Mainline,Active,L729,2771-38,45.13050817,-93.41149856,4/29/25
37,8830,7026,S1783,Loop Detector,MnDOT,RTMC,Inplace,GPS Sub Meter,T.H.610 WB/Zachary Ln,1,Mainline,Active,L730,2771-38,45.13054032,-93.42503708,4/29/25
38,3488,7027,S1783,Loop Detector,MnDOT,RTMC,Inplace,GPS Sub Meter,T.H.610 WB/Zachary Ln,2,Mainline,Active,L730,2771-38,45.13050841,-93.42503331,4/29/25
39,4493,7029,S1784,Loop Detector,MnDOT,RTMC,Inplace,GPS Sub Meter,T.H.610 WB/Hemlock Ln,1,Mainline,Active,L731,2771-38,45.13034995,-93.43438059,4/29/25
40,6728,7030,S1784,Loop Detector,MnDOT,RTMC,Inplace,GPS Sub Meter,T.H.610 WB/Hemlock Ln,2,Mainline,Active,L731,2771-38,45.13031485,-93.43438165,4/29/25
41,18542,8215,S1786,Virtual Detector,MnDOT,RTMC,Inplace,CADD Imported,T.H.610 EB/W Broadway Ave,1,Mainline,Active,L3103,2771-117,45.12946765,-93.36603363,4/29/25
42,18543,8216,S1786,Virtual Detector,MnDOT,RTMC,Inplace,CADD Imported,T.H.610 EB/W Broadway Ave,2,Mainline,Active,L3103,2771-117,45.12950497,-93.36603253,4/29/25
43,18565,8224,S1787,Virtual Detector,MnDOT,RTMC,Inplace,CADD Imported,T.H.610 EB/Regent Ave,1,Mainline,Active,L3106,2771-117,45.12555977,-93.34663084,4/29/25
44,18564,8225,S1787,Virtual Detector,MnDOT,RTMC,Inplace,CADD Imported,T.H.610 EB/Regent Ave,2,Mainline,Active,L3106,2771-117,45.12558939,-93.34661513,4/29/25
45,18586,8233,S1788,Virtual Detector,MnDOT,RTMC,Inplace,CADD Imported,T.H.610 EB/Noble Pkwy,1,Mainline,Active,L3111,2771-117,45.1232536,-93.32474391,4/29/25
46,18587,8234,S1788,Virtual Detector,MnDOT,RTMC,Inplace,CADD Imported,T.H.610 EB/Noble Pkwy,2,Mainline,Active,L3111,2771-117,45.12328955,-93.32474009,4/29/25
47,18588,8235,S1788,Virtual Detector,MnDOT,RTMC,Inplace,CADD Imported,T.H.610 EB/Noble Pkwy,3,Mainline,Active,L3111,2771-117,45.1233232,-93.32473703,4/29/25
48,18603,8239,S1789,Virtual Detector,MnDOT,RTMC,Inplace,CADD Imported,T.H.610 EB/T.H.252,1,Mainline,Active,L3125,2771-117,45.1229619,-93.30482079,4/29/25
49,18604,8240,S1789,Virtual Detector,MnDOT,RTMC,Inplace,CADD Imported,T.H.610 EB/T.H.252,2,Mainline,Active,L3125,2771-117,45.12298701,-93.30484466,4/29/25
50,18606,8253,S1790,Virtual Detector,MnDOT,RTMC,Inplace,CADD Imported,T.H.610 WB/T.H.252,1,Mainline,Active,L3125,2771-117,45.12319847,-93.3049937,4/29/25
51,18605,8254,S1790,Virtual Detector,MnDOT,RTMC,Inplace,CADD Imported,T.H.610 WB/T.H.252,2,Mainline,Active,L3125,2771-117,45.12316686,-93.30497298,4/29/25
52,18591,8257,S1791,Virtual Detector,MnDOT,RTMC,Inplace,CADD Imported,T.H.610 WB/Noble Pkwy,1,Auxiliary,Active,L3111,2771-117,45.1235947,-93.32470949,4/29/25
53,18590,8258,S1791,Virtual Detector,MnDOT,RTMC,Inplace,CADD Imported,T.H.610 WB/Noble Pkwy,2,Mainline,Active,L3111,2771-117,45.12356488,-93.32471332,4/29/25
54,18589,8259,S1791,Virtual Detector,MnDOT,RTMC,Inplace,CADD Imported,T.H.610 WB/Noble Pkwy,3,Mainline,Active,L3111,2771-117,45.12353352,-93.32471791,4/29/25
55,18562,8267,S1792,Virtual Detector,MnDOT,RTMC,Inplace,CADD Imported,T.H.610 WB/Regent Ave,1,Mainline,Active,L3106,2771-117,45.12582212,-93.34650738,4/29/25
56,18563,8268,S1792,Virtual Detector,MnDOT,RTMC,Inplace,CADD Imported,T.H.610 WB/Regent Ave,2,Mainline,Active,L3106,2771-117,45.12579157,-93.34653094,4/29/25
57,18545,8276,S1793,Virtual Detector,MnDOT,RTMC,Inplace,CADD Imported,T.H.610 WB/Hampshire Ave,1,Mainline,Active,L3103,2771-117,45.12976186,-93.36602704,4/29/25
58,18544,8277,S1793,Virtual Detector,MnDOT,RTMC,Inplace,CADD Imported,T.H.610 WB/Hampshire Ave,2,Mainline,Active,L3103,2771-117,45.12972124,-93.36602814,4/29/25
59,18512,8283,S1794,Virtual Detector,MnDOT,RTMC,Inplace,CADD Imported,T.H.610 WB/W Broadway Ave,1,Auxiliary,Active,L3101,2771-117,45.13003123,-93.37772477,4/29/25
60,18511,8284,S1794,Virtual Detector,MnDOT,RTMC,Inplace,CADD Imported,T.H.610 WB/W Broadway Ave,2,Mainline,Active,L3101,2771-117,45.12999378,-93.37772784,4/29/25
61,18510,8285,S1794,Virtual Detector,MnDOT,RTMC,Inplace,CADD Imported,T.H.610 WB/W Broadway Ave,3,Mainline,Active,L3101,2771-117,45.12996186,-93.37772722,4/29/25
62,7895,7013,S1795,Loop Detector,MnDOT,RTMC,Inplace,GPS Sub Meter,U.S.169 SB/T.H.610,1,Mainline,Active,L726,2771-38,45.12850738,-93.39067195,4/29/25
63,9706,7014,S1795,Loop Detector,MnDOT,RTMC,Inplace,GPS Sub Meter,U.S.169 SB/T.H.610,2,Mainline,Active,L726,2771-38,45.12850746,-93.39062865,4/29/25
64,8212,7011,S1799,Loop Detector,MnDOT,RTMC,Inplace,GPS Sub Meter,U.S.169 NB/T.H.610,1,Mainline,Active,L726,2771-38,45.12852842,-93.39030349,4/29/25
65,6053,7012,S1799,Loop Detector,MnDOT,RTMC,Inplace,GPS Sub Meter,U.S.169 NB/T.H.610,2,Mainline,Active,L726,2771-38,45.12852951,-93.39034895,4/29/25
66,11354,7794,S1954,Virtual Detector,MnDOT,RTMC,Inplace,Hand Drawn,T.H.610 EB/I-94,1,Mainline,Active,L1857,2771-37,45.1375022,-93.48440037,4/29/25
67,11734,7795,S1954,Virtual Detector,MnDOT,RTMC,Inplace,Hand Drawn,T.H.610 EB/I-94,2,Mainline,Active,L1857,2771-37,45.13755279,-93.48440046,4/29/25
68,2111,7796,S1955,Virtual Detector,MnDOT,RTMC,Inplace,Hand Drawn,T.H.610 EB/Maple Grove Pkwy,1,Mainline,Active,L1859,2771-37,45.13759602,-93.47171983,4/29/25
69,9932,7797,S1955,Virtual Detector,MnDOT,RTMC,Inplace,Hand Drawn,T.H.610 EB/Maple Grove Pkwy,2,Mainline,Active,L1859,2771-37,45.13764066,-93.4717157,4/29/25
70,4080,7798,S1956,Virtual Detector,MnDOT,RTMC,Inplace,Hand Drawn,T.H.610 EB/Fernbrook Ln,1,Mainline,Active,L1860,2771-37,45.1375469,-93.46151971,4/29/25
71,4897,7799,S1956,Virtual Detector,MnDOT,RTMC,Inplace,Hand Drawn,T.H.610 EB/Fernbrook Ln,2,Mainline,Active,L1860,2771-37,45.13759451,-93.46151977,4/29/25
72,10897,7800,S1957,Virtual Detector,MnDOT,RTMC,Inplace,Hand Drawn,T.H.610 EB/Elm Creek Blvd,1,Mainline,Active,L1862,2771-37,45.13469752,-93.44980274,4/29/25
73,11600,7801,S1957,Virtual Detector,MnDOT,RTMC,Inplace,Hand Drawn,T.H.610 EB/Elm Creek Blvd,2,Mainline,Active,L1862,2771-37,45.13474219,-93.44975234,4/29/25
74,11143,7802,S1958,Virtual Detector,MnDOT,RTMC,Inplace,Hand Drawn,T.H.610 WB/Elm Creek Blvd,1,Mainline,Active,L1862,2771-37,45.13493275,-93.44957178,4/29/25
75,11597,7803,S1958,Virtual Detector,MnDOT,RTMC,Inplace,Hand Drawn,T.H.610 WB/Elm Creek Blvd,2,Mainline,Active,L1862,2771-37,45.13488809,-93.44960956,4/29/25
76,9830,7805,S1959,Virtual Detector,MnDOT,RTMC,Inplace,Hand Drawn,T.H.610 WB/Fernbrook Ln,1,Mainline,Active,L1860,2771-37,45.13766296,-93.46151566,4/29/25
77,2208,7804,S1959,Virtual Detector,MnDOT,RTMC,Inplace,Hand Drawn,T.H.610 WB/Fernbrook Ln,1,Mainline,Active,L1860,2771-37,45.13770759,-93.46151992,4/29/25
78,2181,7806,S1960,Virtual Detector,MnDOT,RTMC,Inplace,Hand Drawn,T.H.610 WB/Maple Grove Pkwy,1,Mainline,Active,L1859,2771-37,45.13773291,-93.47171164,4/29/25
79,6028,7807,S1960,Virtual Detector,MnDOT,RTMC,Inplace,Hand Drawn,T.H.610 WB/Maple Grove Pkwy,2,Mainline,Active,L1859,2771-37,45.13770018,-93.47171579,4/29/25
80,12076,7808,S1961,Virtual Detector,MnDOT,RTMC,Inplace,Hand Drawn,T.H.610 WB/I-94,1,Mainline,Active,L1857,2771-37,45.13764802,-93.48440063,4/29/25
81,11680,7809,S1961,Virtual Detector,MnDOT,RTMC,Inplace,Hand Drawn,T.H.610 WB/I-94,2,Mainline, , ,2771-37,45.13760636,-93.48440056,4/29/25
82,18507,8208,S2045,Virtual Detector,MnDOT,RTMC,Inplace,CADD Imported,T.H.610 EB/W Broadway Ave,1,Auxiliary,Active,L3101,2771-117,45.12967828,-93.37773029,4/29/25
83,18508,8209,S2045,Virtual Detector,MnDOT,RTMC,Inplace,CADD Imported,T.H.610 EB/W Broadway Ave,2,Mainline,Active,L3101,2771-117,45.12971143,-93.37772906,4/29/25
84,18509,8210,S2045,Virtual Detector,MnDOT,RTMC,Inplace,CADD Imported,T.H.610 EB/W Broadway Ave,3,Mainline,Active,L3101,2771-117,45.12975194,-93.37773091,4/29/25
85,18554,8218,S2046,Virtual Detector,MnDOT,RTMC,Inplace,CADD Imported,T.H.610 EB/Zane Ave,1,Mainline,Active,L3104,2771-117,45.12756396,-93.35551655,4/29/25
86,18555,8219,S2046,Virtual Detector,MnDOT,RTMC,Inplace,CADD Imported,T.H.610 EB/Zane Ave,2,Mainline,Active,L3104,2771-117,45.1275987,-93.35550001,4/29/25
87,18572,8227,S2047,Virtual Detector,MnDOT,RTMC,Inplace,CADD Imported,T.H.610 EB/Noble Pkwy,1,Mainline,Active,L3109,2771-117,45.12397583,-93.3352741,4/29/25
88,18571,8228,S2047,Virtual Detector,MnDOT,RTMC,Inplace,CADD Imported,T.H.610 EB/Noble Pkwy,2,Mainline,Active,L3109,2771-117,45.12394071,-93.33528063,4/29/25
89,18594,8236,S2048,Virtual Detector,MnDOT,RTMC,Inplace,CADD Imported,T.H.610 EB/T.H.252,1,Mainline,Active,L3112,2771-117,45.12266796,-93.31538191,4/29/25
90,18595,8237,S2048,Virtual Detector,MnDOT,RTMC,Inplace,CADD Imported,T.H.610 EB/T.H.252,2,Mainline,Active,L3112,2771-117,45.12270582,-93.31537904,4/29/25
91,18596,8238,S2048,Virtual Detector,MnDOT,RTMC,Inplace,CADD Imported,T.H.610 EB/T.H.252,3,Mainline,Active,L3112,2771-117,45.12274023,-93.31537617,4/29/25
92,18602,8241,S2049,Virtual Detector,MnDOT,RTMC,Inplace,CADD Imported,T.H.252 NB/T.H.610,1,Mainline,Active,L3126,2771-117,45.12256586,-93.30454812,4/29/25
93,18601,8242,S2049,Virtual Detector,MnDOT,RTMC,Inplace,CADD Imported,T.H.252 NB/T.H.610,2,Mainline,Active,L3126,2771-117,45.12260551,-93.30459476,4/29/25
94,18615,8243,S2050,Virtual Detector,MnDOT,RTMC,Inplace,CADD Imported,T.H.610 EB/West River Rd,1,Mainline,Active,L3128,2771-117,45.12695091,-93.30035644,4/29/25
95,18614,8244,S2050,Virtual Detector,MnDOT,RTMC,Inplace,CADD Imported,T.H.610 EB/West River Rd,2,Mainline,Active,L3128,2771-117,45.1269684,-93.30039153,4/29/25
96,18613,8245,S2050,Virtual Detector,MnDOT,RTMC,Inplace,CADD Imported,T.H.610 EB/West River Rd,3,Mainline,Active,L3128,2771-117,45.12698377,-93.30043036,4/29/25
97,18612,8246,S2050,Virtual Detector,MnDOT,RTMC,Inplace,CADD Imported,T.H.610 EB/West River Rd,4,Mainline,Active,L3128,2771-117,45.1270023,-93.30046732,4/29/25
98,18616,8249,S2051,Virtual Detector,MnDOT,RTMC,Inplace,CADD Imported,T.H.610 WB/West River Rd,1,Auxiliary,Active,L3127,2771-117,45.12731478,-93.30060129,4/29/25
99,18617,8250,S2051,Virtual Detector,MnDOT,RTMC,Inplace,CADD Imported,T.H.610 WB/West River Rd,2,Auxiliary,Active,L3127,2771-117,45.12730123,-93.30057031,4/29/25
100,18618,8251,S2051,Virtual Detector,MnDOT,RTMC,Inplace,CADD Imported,T.H.610 WB/West River Rd,3,Mainline,Active,L3127,2771-117,45.12728316,-93.30053289,4/29/25
101,18619,8252,S2051,Virtual Detector,MnDOT,RTMC,Inplace,CADD Imported,T.H.610 WB/West River Rd,4,Mainline,Active,L3127,2771-117,45.12726251,-93.30049159,4/29/25
102,18598,8255,S2052,Virtual Detector,MnDOT,RTMC,Inplace,CADD Imported,T.H.610 WB/T.H.252,1,Mainline,Active,L3112,2771-117,45.1229886,-93.31536097,4/29/25
103,18597,8256,S2052,Virtual Detector,MnDOT,RTMC,Inplace,CADD Imported,T.H.610 WB/T.H.252,2,Mainline,Active,L3112,2771-117,45.12295361,-93.31536441,4/29/25
104,18574,8261,S2053,Virtual Detector,MnDOT,RTMC,Inplace,CADD Imported,T.H.610 WB/Noble Pkwy,1,Mainline,Active,L3109,2771-117,45.12422169,-93.33523489,4/29/25
105,18573,8262,S2053,Virtual Detector,MnDOT,RTMC,Inplace,CADD Imported,T.H.610 WB/Noble Pkwy,2,Mainline,Active,L3109,2771-117,45.12418739,-93.33524061,4/29/25
106,18557,8270,S2054,Virtual Detector,MnDOT,RTMC,Inplace,CADD Imported,T.H.610 WB/Zane Ave,1,Mainline,Active,L3104,2771-117,45.12782861,-93.3553743,4/29/25
107,18556,8271,S2054,Virtual Detector,MnDOT,RTMC,Inplace,CADD Imported,T.H.610 WB/Zane Ave,2,Mainline,Active,L3104,2771-117,45.12779387,-93.35539001,4/29/25
108,18504,8271,S2054,Loop Detector,MnDOT,RTMC,Inplace,CADD Imported,T.H.610 WB/Zane Ave,2,Mainline,Active,L3104, ,45.12938729,-93.37476689,4/29/25
109,17823,8369,S2121,Virtual Detector,MnDOT,RTMC,Inplace,CADD Imported,I-94 WB/T.H.610,1,Mainline,Active,L2558,2780-97,45.1430807,-93.49772722,4/29/25
110,17824,8370,S2121,Virtual Detector,MnDOT,RTMC,Inplace,CADD Imported,I-94 WB/T.H.610,2,Mainline,Active,L2558,2780-97,45.14307003,-93.49777505,4/29/25
111,17825,8371,S2121,Virtual Detector,MnDOT,RTMC,Inplace,CADD Imported,I-94 WB/T.H.610,2,Mainline,Active,L2558,2780-97,45.14305993,-93.49781769,4/29/25
112,17826,8372,S2121,Virtual Detector,MnDOT,RTMC,Inplace,CADD Imported,I-94 WB/T.H.610,4,Mainline,Active,L2558,2780-97,45.14304986,-93.49786035,4/29/25
113,17786,8362,S2142,Virtual Detector,MnDOT,RTMC,Inplace,CADD Imported,I-94 EB/T.H.610,1,Mainline,Active,L2556,2780-97,45.14891363,-93.50121134,4/29/25
114,17778,5382,S2142,Virtual Detector,MnDOT,RTMC,Proposed,CADD Imported,I-94 EB/T.H.610,2,Mainline,Active,L2556,2780-97,45.14892625,-93.50116858,4/29/25
115,17776,5383,S2142,Virtual Detector,MnDOT,RTMC,Inplace,CADD Imported,I-94 EB/T.H.610,3,Mainline,Active,L2556,2780-97,45.14894015,-93.50112336,4/29/25
116,17775,5384,S2142,Virtual Detector,MnDOT,RTMC,Inplace,CADD Imported,I-94 EB/T.H.610,4,Mainline,Active,L2556,2780-97,45.14895364,-93.50108108,4/29/25
117,17829,8364,S2143,Virtual Detector,MnDOT,RTMC,Inplace,CADD Imported,I-94 EB/T.H.610,1,Mainline,Active,L2558,2780-97,45.14297531,-93.49817799,4/29/25
118,17828,8365,S2143,Virtual Detector,MnDOT,RTMC,Inplace,CADD Imported,I-94 EB/T.H.610,2,Mainline,Active,L2558,2780-97,45.1429857,-93.4981341,4/29/25
119,17827,8366,S2143,Virtual Detector,MnDOT,RTMC,Inplace,CADD Imported,I-94 EB/T.H.610,3,Mainline,Active,L2558,2780-97,45.14299726,-93.49808952,4/29/25
120,9863,4058,S965,Loop Detector,MnDOT,RTMC,Inplace,CADD Imported,T.H.610 EB/T.H.47,1,Auxiliary,Active,L2458, ,45.14258212,-93.27269197,4/29/25
121,8158,4059,S965,Loop Detector,MnDOT,RTMC,Inplace,CADD Imported,T.H.610 EB/T.H.47,2,Mainline,Active,L2458, ,45.14261617,-93.2727082,4/29/25
122,10375,4060,S965,Loop Detector,MnDOT,RTMC,Inplace,CADD Imported,T.H.610 EB/T.H.47,3,Mainline,Active,L2458, ,45.14265213,-93.2726972,4/29/25
123,4725,4062,S966,Loop Detector,MnDOT,RTMC,Inplace,CADD Imported,T.H.610 EB/University Ave,1,Mainline,Active,L2456, ,45.14182108,-93.26192799,4/29/25
124,4853,4063,S966,Loop Detector,MnDOT,RTMC,Inplace,CADD Imported,T.H.610 EB/University Ave,2,Mainline,Active,L2456, ,45.14185413,-93.26190507,4/29/25
125,9113,4103,S995,Loop Detector,MnDOT,RTMC,Inplace,CADD Imported,T.H.610 WB/University Ave,1,Mainline,Active,L2456, ,45.14262649,-93.26129812,4/29/25
126,2519,4104,S995,Loop Detector,MnDOT,RTMC,Inplace,CADD Imported,T.H.610 WB/University Ave,2,Mainline,Active,L2456, ,45.14259235,-93.26131323,4/29/25
127,6337,4180,S996,Loop Detector,MnDOT,RTMC,Inplace,CADD Imported,T.H.610 WB/T.H.47,1,Mainline,Active,L2458, ,45.14285163,-93.27268899,4/29/25
128,8575,4181,S996,Loop Detector,MnDOT,RTMC,Inplace,CADD Imported,T.H.610 WB/T.H.47,2,Mainline,Active,L2458, ,45.14282157,-93.27269174,4/29/25
129,7055,4182,S996,Loop Detector,MnDOT,RTMC,Inplace,CADD Imported,T.H.610 WB/T.H.47,3,Mainline,Active,L2458, ,45.14278666,-93.27268107,4/29/25
130,6519,4164,S998,Loop Detector,MnDOT,RTMC,Inplace,CADD Imported,T.H.47 SB/T.H.610,1,Mainline,Active,L2458, ,45.14140064,-93.27036838,4/29/25
131,3545,4165,S998,Loop Detector,MnDOT,RTMC,Inplace,CADD Imported,T.H.47 SB/T.H.610,2,Mainline,Active,L2458, ,45.14140412,-93.27031329,4/29/25
132,3449,4175,S999,Loop Detector,MnDOT,RTMC,Inplace,CADD Imported,T.H.47 NB/T.H.610,1,Mainline,Active,L2458, ,45.14140967,-93.26998142,4/29/25
133,4641,4176,S999,Loop Detector,MnDOT,RTMC,Inplace,CADD Imported,T.H.47 NB/T.H.610,2,Mainline,Active,L2458, ,45.14141214,-93.2700232,4/29/25
134,18929,4193, ,Loop Detector,MnDOT,RTMC,Inplace,Hand Drawn,T.H.610 WB/East River Rd,0,Passage,Active,L3129,"2771-117,0217-16",45.13661931,-93.29396733,4/29/25
135,7542,7008, ,Loop Detector,MnDOT,RTMC,Inplace,Hand Drawn,T.H.610 EB/U.S.169,0,Exit,Active,L726,2771-38,45.1300465,-93.3969185,4/29/25
136,6899,7728, ,Loop Detector,MnDOT,RTMC,Inplace,CADD Imported,T.H.610 WB/Maple Grove Pkwy,0,Exit,Active,L1858,2771-37,45.137704,-93.466126,4/29/25
137,6818,7725, ,Loop Detector,MnDOT,RTMC,Inplace,CADD Imported,I-94 WB/T.H.610,0,Merge,Active,L1856,2771-37,45.140933,-93.496552,4/29/25
138,10620,4193, ,Loop Detector,MnDOT,RTMC,Inplace,Hand Drawn,T.H.610 WB/East River Rd,0,Passage,Active,L3129, ,45.13660282,-93.29394721,4/29/25
139,6358,6996, ,Loop Detector,MnDOT,RTMC,Inplace,Hand Drawn,T.H.610 EB/Zachary Ln,0,Queue,Active,L730,2771-38,45.12919701,-93.42143274,4/29/25
140,6141,7015, ,Loop Detector,MnDOT,RTMC,Inplace,Hand Drawn,T.H.610 EB/U.S.169,0,Bypass,Active,L726,2771-38,45.12942431,-93.38511779,4/29/25
141,5920,7010, ,Loop Detector,MnDOT,RTMC,Inplace,Hand Drawn,T.H.610 EB/U.S.169,0,Exit,Active,L726,2771-38,45.129882,-93.389485,4/29/25
142,5604,7025, ,Loop Detector,MnDOT,RTMC,Inplace,Hand Drawn,T.H.610 WB/Zachary Ln,0,Exit,Active,L730,2771-38,45.130616,-93.417837,4/29/25
143,5580,6997, ,Loop Detector,MnDOT,RTMC,Inplace,GPS Sub Meter,T.H.610 EB/Zachary Ln,0,Bypass,Active,L730,2771-38,45.12986557,-93.42043844,4/29/25
144,5278,7007, ,Loop Detector,MnDOT,RTMC,Inplace,Hand Drawn,T.H.610 WB/U.S.169,0,Exit,Active,L727,2771-38,45.130315,-93.392333,4/29/25
145,3383,4163, ,Loop Detector,MnDOT,RTMC,Inplace,CADD Imported,T.H.610 WB/T.H.47,0,Merge,Active,L2458, ,45.142923,-93.275415,4/29/25
146,5050,7733, ,Loop Detector,MnDOT,RTMC,Inplace,CADD Imported,T.H.610 EB/C.S.A.H.81,0,Exit,Active,L1861,2771-37,45.135718,-93.451934,4/29/25
147,4506,6995, ,Loop Detector,MnDOT,RTMC,Inplace,Hand Drawn,T.H.610 EB/Zachary Ln,0,Exit,Active,L730,2771-38,45.130346,-93.421789,4/29/25
148,2087,4102, ,Loop Detector,MnDOT,RTMC,Inplace,CADD Imported,T.H.610 WB/University Ave,0,Exit,Active,L2456, ,45.142229,-93.259926,4/29/25
149,4417,7005, ,Loop Detector,MnDOT,RTMC,Inplace,Hand Drawn,T.H.610 WB/U.S.169,0,Exit,Active,L726,2771-38,45.130131,-93.384019,4/29/25
150,4416,7009, ,Loop Detector,MnDOT,RTMC,Inplace,Hand Drawn,T.H.610 EB/U.S.169,0,Queue,Active,L726,2771-38,45.12856628,-93.38821754,4/29/25
151,4088,7731, ,Loop Detector,MnDOT,RTMC,Inplace,CADD Imported,T.H.610 EB/Maple Grove Pkwy,0,Exit,Active,L1858,2771-37,45.137535,-93.471994,4/29/25
152,7438,4177, ,Loop Detector,MnDOT,RTMC,Inplace,CADD Imported,T.H.610 EB/T.H.47,0,Exit,Active,L2458, ,45.142511,-93.270378,4/29/25
153,3411,6990, ,Loop Detector,MnDOT,RTMC,Inplace,Hand Drawn,T.H.610 EB/Co Rd 81,0,Passage,Active,L731,2771-38,45.13037348,-93.43973932,4/29/25
154,3294,7727, ,Loop Detector,MnDOT,RTMC,Inplace,CADD Imported,I-94 WB/T.H.610,0,Queue,Active,L1856,2771-37,45.13789273,-93.49000328,4/29/25
155,3248,4064, ,Loop Detector,MnDOT,RTMC,Inplace,Hand Drawn,T.H.610 EB/Coon Rapids Blvd,0,Exit, , ,0217-16,45.140959,-93.284532,4/29/25
156,8589,4178, ,Loop Detector,MnDOT,RTMC,Inplace,CADD Imported,T.H.610 WB/University Ave,0,Merge,Active,L2457, ,45.143192,-93.267671,4/29/25
157,3134,4192, ,Loop Detector,MnDOT,RTMC,Inplace,Hand Drawn,T.H.610 WB/East River Rd,0,Bypass,Active,L3129, ,45.13662348,-93.29406038,4/29/25
158,6734,4061, ,Loop Detector,MnDOT,RTMC,Inplace,CADD Imported,T.H.610 EB/University Ave,0,Exit,Active,L2456, ,45.142414,-93.267301,4/29/25
159,2502,7032, ,Loop Detector,MnDOT,RTMC,Inplace,Hand Drawn,T.H.610 EB/U.S.169,0,Passage,Active,L727,2771-38,45.12923258,-93.39282088,4/29/25
160,2026,7726, ,Loop Detector,MnDOT,RTMC,Inplace,CADD Imported,I-94 WB/T.H.610,0,Passage,Active,L1856,2771-37,45.13820479,-93.49289203,4/29/25
161,10895,7729, ,Loop Detector,MnDOT,RTMC,Inplace,CADD Imported,T.H.610 WB/Maple Grove Pkwy,0,Exit,Active,L1858,2771-37,45.137707,-93.466196,4/29/25
162,10673,7016, ,Loop Detector,MnDOT,RTMC,Inplace,Hand Drawn,T.H.610 EB/U.S.169,0,Passage,Active,L726,2771-38,45.12949856,-93.38513444,4/29/25
163,10578,7006, ,Loop Detector,MnDOT,RTMC,Inplace,Hand Drawn,T.H.610 WB/U.S.169,0,Passage,Active,L726,2771-38,45.13079914,-93.38909164,4/29/25
164,6613,4054, ,Loop Detector,MnDOT,RTMC,Inplace,Hand Drawn,T.H.610 EB/East River Rd,0,Exit,Active,L3129, ,45.135422,-93.293942,4/29/25
165,10236,7028, ,Loop Detector,MnDOT,RTMC,Inplace,GPS Sub Meter,T.H.610 WB/Zachary Ln,0,Passage,Active,L730,2771-38,45.13068647,-93.42505111,4/29/25
166,9992,7732, ,Loop Detector,MnDOT,RTMC,Inplace,CADD Imported,T.H.610 EB/Maple Grove Pkwy,0,Merge,Active,L1858,2771-37,45.137523,-93.466319,4/29/25
167,6583,4179, ,Loop Detector,MnDOT,RTMC,Inplace,CADD Imported,T.H.610 WB/University Ave,0,Bypass,Active,L2457, ,45.14358338,-93.26475596,4/29/25
168,9430,7031, ,Loop Detector,MnDOT,RTMC,Inplace,GPS Sub Meter,T.H.610 WB/Elm Creek Blvd,0,Exit,Active,L731,2771-38,45.130392,-93.436049,4/29/25
169,8992,7020, ,Loop Detector,MnDOT,RTMC,Inplace,Hand Drawn,T.H.610 WB/U.S.169,0,Passage,Active,L727,2771-38,45.13069792,-93.39647445,4/29/25
170,8522,6998, ,Loop Detector,MnDOT,RTMC,Inplace,Hand Drawn,T.H.610 EB/Zachary Ln,0,Passage,Active,L730,2771-38,45.12991035,-93.42054652,4/29/25
171,8356,7730, ,Loop Detector,MnDOT,RTMC,Inplace,CADD Imported,T.H.610 WB/C.S.A.H.81,0,Merge,Active,L1861,2771-37,45.137359,-93.45497,4/29/25
172,7036,4186, ,Loop Detector,MnDOT,RTMC,Inplace,Hand Drawn,T.H.610 WB/Coon Rapids Blvd,1,Merge, , ,0217-16,45.14124,-93.28461,4/29/25
173,11694,8281, ,Loop Detector,MnDOT,RTMC,Inplace,Hand Drawn,T.H.610 WB/W Broadway Ave,1,Bypass,Active,L3102,"2771-15,2771-117",45.13051595,-93.37431035,4/29/25
174,11515,8214, ,Loop Detector,MnDOT,RTMC,Inplace,Hand Drawn,T.H.610 EB/W Broadway Ave,1,Bypass,Active,L3102,"2771-15,2771-117",45.12902763,-93.37223067,4/29/25
175,11365,8221, ,Loop Detector,MnDOT,RTMC,Inplace,Hand Drawn,T.H.610 EB/Zane Ave,1,Passage,Active,L3105,"2771-14,2771-117",45.12654524,-93.3526081,4/29/25
176,11149,8274, ,Loop Detector,MnDOT,RTMC,Inplace,Hand Drawn,T.H.610 WB/Zane Ave,1,Passage,Active,L3105,"2771-14,2771-117",45.12924249,-93.36009081,4/29/25
177,11118,8222, ,Loop Detector,MnDOT,RTMC,Inplace,Hand Drawn,T.H.610 EB/Zane Ave,1,Bypass,Active,L3105,"2771-14,2771-117",45.12646865,-93.35260545,4/29/25
178,11020,8269, ,Loop Detector,MnDOT,RTMC,Inplace,Hand Drawn,T.H.610 WB/Zane Ave,1,Exit,Active,L3105,"2771-14,2771-117",45.126704,-93.350295,4/29/25
179,10996,8217, ,Loop Detector,MnDOT,RTMC,Inplace,Hand Drawn,T.H.610 EB/Zane Ave,1,Exit,Active,L3105,"2771-14,2771-117",45.129063,-93.362404,4/29/25
180,10904,8220, ,Loop Detector,MnDOT,RTMC,Inplace,Hand Drawn,T.H.610 EB/Zane Ave,1,Queue,Active,L3105,"2771-14,2771-117",45.12657719,-93.35510614,4/29/25
181,18515,8212, ,Loop Detector,MnDOT,RTMC,Inplace,CADD Imported,T.H.610 EB/W Broadway Ave,1,Queue,Active,L3102,2771-117,45.12827675,-93.37460984,4/29/25
182,18505,8278, ,Loop Detector,MnDOT,RTMC,Inplace,CADD Imported,T.H.610 WB/W Broadway Ave,1,Exit,Active,L3102,2771-117,45.129851,-93.368923,4/29/25
183,12065,8280, ,Loop Detector,MnDOT,RTMC,Inplace,Hand Drawn,T.H.610 WB/W Broadway Ave,1,Passage,Active,L3102,"2771-15,2771-117",45.13052042,-93.37441694,4/29/25
184,12068,8273, ,Loop Detector,MnDOT,RTMC,Inplace,Hand Drawn,T.H.610 WB/Zane Ave,1,Bypass,Active,L3105,"2771-14,2771-117",45.12933874,-93.36008518,4/29/25
185,12079,8213, ,Loop Detector,MnDOT,RTMC,Inplace,Hand Drawn,T.H.610 EB/W Broadway Ave,1,Passage,Active,L3102,"2771-15,2771-117",45.12909735,-93.37229279,4/29/25
186,9309,7757, ,Loop Detector,MnDOT,RTMC,Inplace,CADD Imported,T.H.610 EB/I-94,1,Mainline,Active,L1856,2771-37,45.13782441,-93.49289299,4/29/25
187,18623,8248, ,Loop Detector,MnDOT,RTMC,Inplace,CADD Imported,T.H.610 WB/East River Rd,1,Queue,Active,L3129,2771-117,45.13851688,-93.29214639,4/29/25
188,18581,8230, ,Loop Detector,MnDOT,RTMC,Inplace,CADD Imported,T.H.610 EB/Noble Pkwy,1,Passage,Active,L3107,2771-117,45.12346389,-93.33178759,4/29/25
189,18580,8231, ,Loop Detector,MnDOT,RTMC,Inplace,CADD Imported,T.H.610 EB/Noble Pkwy,1,Bypass,Active,L3107,2771-117,45.12338567,-93.33176757,4/29/25
190,18579,8260, ,Loop Detector,MnDOT,RTMC,Inplace,CADD Imported,T.H.610 WB/Noble Pkwy,1,Exit,Active,L3107,2771-117,45.123916,-93.329429,4/29/25
191,18578,8229, ,Loop Detector,MnDOT,RTMC,Inplace,CADD Imported,T.H.610 EB/Noble Pkwy,1,Queue,Active,L3107,2771-117,45.12320338,-93.33444809,4/29/25
192,18577,8226, ,Loop Detector,MnDOT,RTMC,Inplace,CADD Imported,T.H.610 EB/Noble Pkwy,1,Exit,Active,L3107,2771-117,45.124768,-93.34299,4/29/25
193,18567,8264, ,Loop Detector,MnDOT,RTMC,Inplace,CADD Imported,T.H.610 WB/Noble Pkwy,1,Bypass,Active,L3107,2771-117,45.12516968,-93.33911497,4/29/25
194,18566,8264, ,Loop Detector,MnDOT,RTMC,Inplace,CADD Imported,T.H.610 WB/Noble Pkwy,1,Bypass,Active,L3107,2771-117,45.12509581,-93.33911541,4/29/25
195,4401,4187, ,Loop Detector,MnDOT,RTMC,Inplace,Hand Drawn,T.H.610 WB/Coon Rapids Blvd,2,Merge, , ,0217-16,45.14124,-93.28461,4/29/25
196,7796,7758, ,Loop Detector,MnDOT,RTMC,Inplace,CADD Imported,T.H.610 EB/I-94,2,Mainline,Active,L1856,2771-37,45.13785592,-93.49288764,4/29/25